title,lessonId,jlpt,turns
Dự định đi du lịch,26,N4,"[{""speaker"":""A"",""segments"":[{""kanji"":""明日"",""reading"":""あした""},{""text"":""から、""},{""kanji"":""旅行"",""reading"":""りょこう""},{""text"":""に""},{""kanji"":""行"",""reading"":""い""},{""text"":""きます。""}],""vi"":""Từ ngày mai tôi sẽ đi du lịch.""},{""speaker"":""B"",""segments"":[{""text"":""いいですね. どこへ""},{""kanji"":""行"",""reading"":""い""},{""text"":""くんですか？""}],""vi"":""Hay quá nhỉ. Bạn định đi đâu thế?""}]"
Hỏi thăm sức khỏe,26,N4,"[{""speaker"":""A"",""segments"":[{""kanji"":""元気"",""reading"":""げんき""},{""text"":""じゃありませんね。どうしたんですか？""}],""vi"":""Trông bạn không được khỏe nhỉ. Có chuyện gì vậy?""},{""speaker"":""B"",""segments"":[{""kanji"":""頭"",""reading"":""あたま""},{""text"":""が""},{""kanji"":""痛"",""reading"":""いた""},{""text"":""いんです。""}],""vi"":""Tôi bị đau đầu.""}]"
Lý do học tiếng Nhật,26,N4,"[{""speaker"":""A"",""segments"":[{""text"":""どうして""},{""kanji"":""日本語"",""reading"":""にほんご""},{""text"":""を""},{""kanji"":""勉強"",""reading"":""べんきょう""},{""text"":""しているんですか？""}],""vi"":""Tại sao bạn lại đang học tiếng Nhật vậy?""},{""speaker"":""B"",""segments"":[{""kanji"":""日本"",""reading"":""にほん""},{""text"":""へ""},{""kanji"":""行"",""reading"":""い""},{""text"":""きたいんです。""}],""vi"":""Vì tôi muốn đi Nhật.""}]"
Nhờ vả dạy tiếng Việt,26,N4,"[{""speaker"":""A"",""segments"":[{""text"":""ベトナム""},{""kanji"":""語"",""reading"":""ご""},{""text"":""を""},{""kanji"":""勉強"",""reading"":""べんきょう""},{""text"":""したいんですが、""},{""kanji"":""教"",""reading"":""おし""},{""text"":""えていただけませんか？""}],""vi"":""Tôi muốn học tiếng Việt, bạn có thể dạy cho tôi được không?""},{""speaker"":""B"",""segments"":[{""text"":""はい、もちろんです！""}]}]"
Hỏi đường đi Hoàn Kiếm,26,N4,"[{""speaker"":""A"",""segments"":[{""text"":""ホアンキエムへ""},{""kanji"":""行"",""reading"":""い""},{""text"":""きたいんですが、どうしたらいいですか？""}],""vi"":""Tôi muốn đi đến Hồ Hoàn Kiếm, tôi nên làm thế nào ạ?""},{""speaker"":""B"",""segments"":[{""text"":""タクシーに""},{""kanji"":""乗"",""reading"":""の""},{""text"":""ったらいいですよ。""}],""vi"":""Bạn nên đi taxi thì tốt đấy.""}]"
Khi nào báo cáo xong?,27,N4,"[{""speaker"":""A"",""segments"":[{""text"":""レポートは ""},{""kanji"":""いつ"",""reading"":""いつ""},{""text"":"" ""},{""kanji"":""でき"",""reading"":""でき""},{""text"":""ますか？""}],""vi"":""Khi nào thì báo cáo xong vậy?""},{""speaker"":""B"",""segments"":[{""kanji"":""明日"",""reading"":""あした""},{""text"":"" ""},{""kanji"":""でき"",""reading"":""でき""},{""text"":""ます。""}],""vi"":""Ngày mai sẽ xong.""}]"
Đọc chữ Hán,27,N4,"[{""speaker"":""A"",""segments"":[{""text"":""これ ""},{""kanji"":""読"",""reading"":""よ""},{""text"":""めますか？""}],""vi"":""Bạn có đọc được cái này không?""},{""speaker"":""B"",""segments"":[{""text"":""はい、""},{""kanji"":""読"",""reading"":""よ""},{""text"":""めますよ。""}],""vi"":""Vâng, tôi đọc được.""}]"
Khả năng ngoại ngữ,27,N4,"[{""speaker"":""A"",""segments"":[{""kanji"":""外国語"",""reading"":""がいこくご""},{""text"":""が ""},{""kanji"":""話"",""reading"":""はな""},{""text"":""せますか？""}],""vi"":""Bạn có thể nói được ngoại ngữ không?""},{""speaker"":""B"",""segments"":[{""kanji"":""日本語"",""reading"":""にほんご""},{""text"":""は ""},{""kanji"":""話"",""reading"":""はな""},{""text"":""せますが、ベトナム""},{""kanji"":""語"",""reading"":""ご""},{""text"":""は ""},{""kanji"":""話"",""reading"":""はな""},{""text"":""せません。""}],""vi"":""Tiếng Nhật thì tôi có thể nói, nhưng tiếng Việt thì không.""}]"
Đánh giá nhà hàng,28,N4,"[{""speaker"":""A"",""segments"":[{""kanji"":""人"",""reading"":""ひと""},{""text"":""が ""},{""kanji"":""多"",""reading"":""おお""},{""text"":""いですね。""}],""vi"":""Đông người nhỉ.""},{""speaker"":""B"",""segments"":[{""text"":""そうですね！このレストランは、""},{""kanji"":""安"",""reading"":""やす""},{""text"":""いし、""},{""kanji"":""美味"",""reading"":""おい""},{""text"":""しいし...""}],""vi"":""Đúng vậy nhỉ! Nhà hàng này vừa rẻ, vừa ngon...""}]"
Lý do hẹn hò,28,N4,"[{""speaker"":""A"",""segments"":[{""text"":""どうして""},{""kanji"":""彼"",""reading"":""かれ""},{""text"":""と""},{""kanji"":""付"",""reading"":""つ""},{""text"":""き""},{""kanji"":""合"",""reading"":""あ""},{""text"":""っているんですか？""}],""vi"":""Tại sao bạn lại đang hẹn hò với anh ấy vậy?""},{""speaker"":""B"",""segments"":[{""text"":""かっこいいし、""},{""kanji"":""優"",""reading"":""やさ""},{""text"":""しいし、""},{""kanji"":""素敵"",""reading"":""すてき""},{""text"":""な""},{""kanji"":""人"",""reading"":""ひと""},{""text"":""ですから。""}],""vi"":""Vì anh ấy vừa đẹp trai, hiền lành lại là một người tuyệt vời.""}]"
Tại sao học ở NihongoCoach?,28,N4,"[{""speaker"":""A"",""segments"":[{""text"":""どうしてズンモリで""},{""kanji"":""勉強"",""reading"":""べんきょう""},{""text"":""しているんですか？""}],""vi"":""Tại sao bạn lại đang học ở NihongoCoach?""},{""speaker"":""B"",""segments"":[{""text"":""ズンモリは""},{""kanji"":""面白"",""reading"":""おもしろ""},{""text"":""いし、いい""},{""kanji"":""先生"",""reading"":""せんせい""},{""text"":""も""},{""kanji"":""多"",""reading"":""おお""},{""text"":""いし、""},{""kanji"":""有名"",""reading"":""ゆうめい""},{""text"":""ですから。""}],""vi"":""Vì ở HNihongoCoach thú vị, nhiều giáo viên giỏi và lại còn nổi tiếng nữa.""}]"
Đèn đang bật không?,29,N4,"[{""speaker"":""A"",""segments"":[{""kanji"":""電気"",""reading"":""でんき""},{""text"":""がついていますか？""}],""vi"":""Đèn đang bật phải không?""},{""speaker"":""B"",""segments"":[{""text"":""はい、""},{""kanji"":""電気"",""reading"":""でんき""},{""text"":""がついています。""}],""vi"":""Vâng, đèn đang bật.""}]"
Dùng máy tính,29,N4,"[{""speaker"":""A"",""segments"":[{""text"":""そのパソコンを""},{""kanji"":""使"",""reading"":""つか""},{""text"":""ってもいいですか？""}],""vi"":""Tôi có thể dùng máy tính đó không?""},{""speaker"":""B"",""segments"":[{""text"":""そのパソコンは""},{""kanji"":""壊"",""reading"":""こわ""},{""text"":""れています。""}],""vi"":""Máy tính đó bị hỏng rồi.""}]"
Cùng về nhé,29,N4,"[{""speaker"":""A"",""segments"":[{""kanji"":""一緒"",""reading"":""いっしょ""},{""text"":""に""},{""kanji"":""帰"",""reading"":""かえ""},{""text"":""りませんか？""}],""vi"":""Chúng ta cùng về nhé?""},{""speaker"":""B"",""segments"":[{""text"":""この""},{""kanji"":""仕事"",""reading"":""しごと""},{""text"":""を""},{""kanji"":""終"",""reading"":""お""},{""text"":""わらせてしまいますから、お""},{""kanji"":""先"",""reading"":""さき""},{""text"":""にどうぞ。""}],""vi"":""Tôi sẽ làm xong việc này trước, bạn cứ về trước đi.""}]"
Làm mất hộ chiếu,29,N4,"[{""speaker"":""A"",""segments"":[{""text"":""どうしたんですか？""}],""vi"":""Có chuyện gì vậy?""},{""speaker"":""B"",""segments"":[{""text"":""パスポートをなくしてしまいました。""}],""vi"":""Tôi làm mất hộ chiếu rồi.""}]"
Kết quả bài kiểm tra,29,N4,"[{""speaker"":""A"",""segments"":[{""text"":""テスト、どうでしたか？""}],""vi"":""Bài kiểm tra thế nào rồi?""},{""speaker"":""B"",""segments"":[{""kanji"":""受"",""reading"":""う""},{""text"":""かりました！""}],""vi"":""Tôi đỗ rồi!""}]"
Nơi cất ví,30,N4,"[{""speaker"":""A"",""segments"":[{""text"":""どこに""},{""kanji"":""財布"",""reading"":""さいふ""},{""text"":""がしまってありますか？""}],""vi"":""Cái ví được cất ở đâu vậy?""},{""speaker"":""B"",""segments"":[{""text"":""カバンに""},{""kanji"":""財布"",""reading"":""さいふ""},{""text"":""がしまってあります。""}],""vi"":""Cái ví được cất ở trong cặp.""}]"
Vật dụng trong cặp,30,N4,"[{""speaker"":""A"",""segments"":[{""text"":""カバンに""},{""kanji"":""何"",""reading"":""なに""},{""text"":""が""},{""kanji"":""入"",""reading"":""い""},{""text"":""れてありますか？""}],""vi"":""Trong cặp có để cái gì thế?""},{""speaker"":""B"",""segments"":[{""text"":""カバンに""},{""kanji"":""充電器"",""reading"":""じゅうでんき""},{""text"":""が""},{""kanji"":""入"",""reading"":""い""},{""text"":""れてあります。""}],""vi"":""Trong cặp có để bộ sạc điện.""}]"
Trang trí phòng,30,N4,"[{""speaker"":""A"",""segments"":[{""kanji"":""部屋"",""reading"":""へや""},{""text"":""に""},{""kanji"":""何"",""reading"":""なに""},{""text"":""が""},{""kanji"":""飾"",""reading"":""かざ""},{""text"":""ってありますか？""}],""vi"":""Trong phòng có trang trí cái gì vậy?""},{""speaker"":""B"",""segments"":[{""kanji"":""部屋"",""reading"":""へや""},{""text"":""の""},{""kanji"":""壁"",""reading"":""かべ""},{""text"":""にポスターが""},{""kanji"":""飾"",""reading"":""かざ""},{""text"":""ってあります。""}],""vi"":""Trên tường phòng có treo tấm áp phích.""}]"
Nơi cất hộ chiếu,30,N4,"[{""speaker"":""A"",""segments"":[{""text"":""パスポートはどこにしまってありますか？""}],""vi"":""Hộ chiếu được cất ở đâu vậy?""},{""speaker"":""B"",""segments"":[{""kanji"":""引"",""reading"":""ひ""},{""text"":""き""},{""kanji"":""出"",""reading"":""だ""},{""text"":""しの""},{""kanji"":""二段目"",""reading"":""にだんめ""},{""text"":""にしまってあります。""}],""vi"":""Được cất ở ngăn kéo thứ hai.""}]"
Về việc thanh toán,30,N4,"[{""speaker"":""A"",""segments"":[{""text"":""そろそろ""},{""kanji"":""帰"",""reading"":""かえ""},{""text"":""りましょうか？""}],""vi"":""Chúng ta chuẩn bị về thôi nhỉ?""},{""speaker"":""B"",""segments"":[{""text"":""お""},{""kanji"":""会計"",""reading"":""かいけい""},{""text"":""は？""}],""vi"":""Còn việc thanh toán thì sao?""},{""speaker"":""A"",""segments"":[{""text"":""もう""},{""kanji"":""払"",""reading"":""はら""},{""text"":""ってありますから、""},{""kanji"":""大丈夫"",""reading"":""だいじょうぶ""},{""text"":""です。""}],""vi"":""Tôi đã trả tiền rồi nên không sao đâu.""}]"
Rủ đi dạo,31,N4,"[{""speaker"":""A"",""segments"":[{""kanji"":""一緒"",""reading"":""いっしょ""},{""text"":""に""},{""kanji"":""散歩"",""reading"":""さんぽ""},{""text"":""しない？""}],""vi"":""Cùng đi dạo không?""},{""speaker"":""B"",""segments"":[{""text"":""いいね、""},{""kanji"":""行"",""reading"":""い""},{""text"":""こう！""}],""vi"":""Hay đấy, đi thôi!""}]"
Đề nghị nghỉ ngơi,31,N4,"[{""speaker"":""A"",""segments"":[{""text"":""あー""},{""kanji"":""疲"",""reading"":""つか""},{""text"":""れた。""}],""vi"":""A, mệt quá.""},{""speaker"":""B"",""segments"":[{""text"":""そうだね、ちょっと""},{""kanji"":""休"",""reading"":""やす""},{""text"":""もう. ""}],""vi"":""Đúng thế, nghỉ một chút nào.""}]"
Đề nghị ăn cơm,31,N4,"[{""speaker"":""A"",""segments"":[{""text"":""お""},{""kanji"":""腹"",""reading"":""なか""},{""text"":""すいたー！""}],""vi"":""Đói bụng quá!""},{""speaker"":""B"",""segments"":[{""text"":""じゃあ、ご""},{""kanji"":""飯"",""reading"":""はん""},{""text"":""を""},{""kanji"":""食"",""reading"":""た""},{""text"":""べよう！""}],""vi"":""Vậy thì cùng ăn cơm nào!""}]"
Dự định ngày Tết,31,N4,"[{""speaker"":""A"",""segments"":[{""text"":""お""},{""kanji"":""正月"",""reading"":""しょうがつ""},{""kanji"":""何"",""reading"":""なに""},{""text"":""をしますか？""}],""vi"":""Tết này bạn làm gì?""},{""speaker"":""B"",""segments"":[{""kanji"":""日本"",""reading"":""にほん""},{""text"":""へ""},{""kanji"":""帰"",""reading"":""かえ""},{""text"":""ろうと""},{""kanji"":""思"",""reading"":""おも""},{""text"":""っています。""}],""vi"":""Tôi đang định trở về Nhật.""}]"
Dự đoán kết quả thi,32,N4,"[{""speaker"":""A"",""segments"":[{""kanji"":""彼"",""reading"":""かれ""},{""text"":""は""},{""kanji"":""試験"",""reading"":""しけん""},{""text"":""に""},{""kanji"":""合格"",""reading"":""ごうかく""},{""text"":""すると""},{""kanji"":""思"",""reading"":""おも""},{""text"":""いますか？""}],""vi"":""Bạn có nghĩ anh ấy sẽ đỗ kỳ thi không?""},{""speaker"":""B"",""segments"":[{""kanji"":""彼"",""reading"":""かれ""},{""text"":""なら""},{""kanji"":""合格"",""reading"":""ごうかく""},{""text"":""するでしょう。""}],""vi"":""Nếu là anh ấy thì chắc là đỗ đấy.""}]"
Sức khỏe không tốt,32,N4,"[{""speaker"":""A"",""segments"":[{""kanji"":""朝"",""reading"":""あさ""},{""text"":""から""},{""kanji"":""体調"",""reading"":""たいちょう""},{""text"":""が""},{""kanji"":""悪"",""reading"":""わる""},{""text"":""いんです。""}],""vi"":""Từ sáng đến giờ sức khỏe tôi không được tốt.""},{""speaker"":""B"",""segments"":[{""kanji"":""大丈夫"",""reading"":""だいじょうぶ""},{""text"":""ですか？""},{""kanji"":""風邪"",""reading"":""かぜ""},{""text"":""かもしれませんね。""}],""vi"":""Bạn không sao chứ? Có lẽ là bị cảm rồi đấy.""}]"
Tình hình giao thông,32,N4,"[{""speaker"":""A"",""segments"":[{""kanji"":""渋滞"",""reading"":""じゅうたい""},{""text"":""ですね。""}],""vi"":""Tắc đường quá nhỉ.""},{""speaker"":""B"",""segments"":[{""text"":""はい......""},{""kanji"":""遅刻"",""reading"":""ちこく""},{""text"":""するかもしれませんね。""}],""vi"":""Vâng... Có lẽ là sẽ bị muộn mất.""}]"
Đánh thức,33,N4,"[{""speaker"":""A"",""segments"":[{""text"":""zzz…""}],""vi"":""(Tiếng ngáy ngủ)""},{""speaker"":""B"",""segments"":[{""text"":""おい！""},{""kanji"":""早"",""reading"":""はや""},{""text"":""く""},{""kanji"":""起"",""reading"":""お""},{""text"":""きろ！""}],""vi"":""Này! Dậy mau!""}]"
Yêu cầu học bài,33,N4,"[{""speaker"":""A"",""segments"":[{""kanji"":""携"",""reading"":""けい""},{""kanji"":""帯"",""reading"":""たい""},{""text"":""を""},{""kanji"":""触"",""reading"":""さわ""},{""text"":""る""}],""vi"":""(Đang nghịch điện thoại)""},{""speaker"":""B"",""segments"":[{""text"":""こら！""},{""kanji"":""早"",""reading"":""はや""},{""text"":""く""},{""kanji"":""勉"",""reading"":""べん""},{""kanji"":""強"",""reading"":""きょう""},{""text"":""しろ！""}],""vi"":""Này! Học bài mau!""}]"
Yêu cầu giữ im lặng,33,N4,"[{""speaker"":""A"",""segments"":[{""text"":""うるさくする""}],""vi"":""(Đang làm ồn)""},{""speaker"":""B"",""segments"":[{""text"":""しっ！""},{""kanji"":""静"",""reading"":""しず""},{""text"":""かにしろよ！""}],""vi"":""Suỵt! Im lặng đi!""}]"
Cấm hút thuốc,33,N4,"[{""speaker"":""A"",""segments"":[{""text"":""タバコを""},{""kanji"":""吸"",""reading"":""す""},{""text"":""う""}],""vi"":""(Đang hút thuốc)""},{""speaker"":""B"",""segments"":[{""text"":""こら！タバコを""},{""kanji"":""吸"",""reading"":""す""},{""text"":""うな。""}],""vi"":""Này! Cấm hút thuốc!""}]"
Nhờ nhắn lại,33,N4,"[{""speaker"":""A"",""segments"":[{""text"":""ワンさんに「あとで""},{""kanji"":""電"",""reading"":""でん""},{""kanji"":""話"",""reading"":""わ""},{""text"":""をください」と""},{""kanji"":""伝"",""reading"":""つた""},{""text"":""えていただけませんか。""}],""vi"":""Bạn có thể nhắn với anh Wang là 'hãy gọi điện cho tôi sau' được không?""},{""speaker"":""B"",""segments"":[{""text"":""はい、わかりました。""}],""vi"":""Vâng, tôi hiểu rồi.""}]"
Chỉ dẫn viết bài,34,N4,"[{""speaker"":""A"",""segments"":[{""kanji"":""私"",""reading"":""わたし""},{""text"":""が""},{""kanji"":""今"",""reading"":""いま""},{""text"":""から""},{""kanji"":""言"",""reading"":""い""},{""text"":""うとおりに、ノートに""},{""kanji"":""書"",""reading"":""か""},{""text"":""いてください。""}],""vi"":""Hãy viết vào vở đúng như những gì tôi nói sau đây.""},{""speaker"":""B"",""segments"":[{""text"":""はい、わかりました。""}],""vi"":""Vâng, tôi hiểu rồi.""}]"
Rủ đi Karaoke,34,N4,"[{""speaker"":""A"",""segments"":[{""kanji"":""仕"",""reading"":""し""},{""kanji"":""事"",""reading"":""ごと""},{""text"":""のあとで、カラオケに""},{""kanji"":""行"",""reading"":""い""},{""text"":""きませんか。""}],""vi"":""Sau khi xong việc, đi hát Karaoke không?""},{""speaker"":""B"",""segments"":[{""text"":""いいですね。""},{""kanji"":""行"",""reading"":""い""},{""text"":""きましょう。""}],""vi"":""Hay quá nhỉ. Chúng ta cùng đi nào.""}]"
Cách ăn (không gia vị),34,N4,"[{""speaker"":""A"",""segments"":[{""text"":""しょうゆをつけないで""},{""kanji"":""食"",""reading"":""た""},{""text"":""べますか？""}],""vi"":""Bạn ăn mà không chấm xì dầu à?""},{""speaker"":""B"",""segments"":[{""text"":""はい、しょうゆをつけないで""},{""kanji"":""食"",""reading"":""た""},{""text"":""べます。""}],""vi"":""Vâng, tôi ăn mà không chấm xì dầu.""}]"
Cách mở cửa,35,N4,"[{""speaker"":""A"",""segments"":[{""text"":""このボタンを""},{""kanji"":""押"",""reading"":""お""},{""text"":""せば、ドアが""},{""kanji"":""開"",""reading"":""あ""},{""text"":""きますよ。""}],""vi"":""Nếu ấn nút này thì cửa sẽ mở đấy.""}]"
Tư vấn địa điểm đi biển,35,N4,"[{""speaker"":""A"",""segments"":[{""kanji"":""海"",""reading"":""うみ""},{""text"":""に""},{""kanji"":""行"",""reading"":""い""},{""text"":""きたいんですが, どこかいいところがありますか。""}],""vi"":""Tôi muốn đi biển, có chỗ nào hay không?""},{""speaker"":""B"",""segments"":[{""kanji"":""海"",""reading"":""うみ""},{""text"":""なら、NhaTrangがいいですよ。""}],""vi"":""Nếu là biển thì Nha Trang được đấy.""}]"
Lời mời hẹn hò,35,N4,"[{""speaker"":""A"",""segments"":[{""kanji"":""今晩"",""reading"":""こんばん""},{""kanji"":""暇"",""reading"":""ひま""},{""text"":""なら、デートしませんか？""}],""vi"":""Tối nay nếu rảnh thì hẹn hò không?""},{""speaker"":""B"",""segments"":[{""text"":""いいですね, ""},{""kanji"":""晴"",""reading"":""は""},{""text"":""れなら""},{""kanji"":""公園"",""reading"":""こうえん""},{""text"":""へ""},{""kanji"":""行"",""reading"":""い""},{""text"":""きましょう。""}],""vi"":""Được đấy, nếu trời nắng thì cùng đi công viên nhé.""}]"
Lời khuyên khi bị cảm,35,N4,"[{""speaker"":""A"",""segments"":[{""kanji"":""風邪"",""reading"":""かぜ""},{""text"":""の""},{""kanji"":""時"",""reading"":""とき""},{""text"":""、""},{""kanji"":""何"",""reading"":""なに""},{""text"":""を""},{""kanji"":""食"",""reading"":""た""},{""text"":""べればいいですか？""}],""vi"":""Khi bị cảm thì nên ăn gì ạ?""},{""speaker"":""B"",""segments"":[{""text"":""おかゆを""},{""kanji"":""食"",""reading"":""た""},{""text"":""べればいいですよ。""}],""vi"":""Bạn nên ăn cháo thì tốt đấy.""}]"
Tư vấn món ăn Nhật,35,N4,"[{""speaker"":""A"",""segments"":[{""kanji"":""日本"",""reading"":""にほん""},{""text"":""で""},{""kanji"":""美"",""reading"":""お""},{""kanji"":""味"",""reading"":""い""},{""text"":""しいものが""},{""kanji"":""食"",""reading"":""た""},{""text"":""べたいんです。""}],""vi"":""Tôi muốn ăn đồ ngon ở Nhật.""},{""speaker"":""B"",""segments"":[{""kanji"":""日本食"",""reading"":""にほんしょく""},{""text"":""なら、さしみが""},{""kanji"":""美"",""reading"":""お""},{""kanji"":""味"",""reading"":""い""},{""text"":""しいです。""}],""vi"":""Nếu là đồ ăn Nhật thì sashimi ngon lắm.""}]"
Nhắc nhở tại vườn thú,36,N4,"[{""speaker"":""A"",""segments"":[{""text"":""わ〜""},{""kanji"":""動物"",""reading"":""どうぶつ""},{""text"":""かわいい〜！""}],""vi"":""Oa, động vật đáng yêu quá!""},{""speaker"":""B"",""segments"":[{""kanji"":""動物"",""reading"":""どうぶつ""},{""text"":""にお""},{""kanji"":""菓子"",""reading"":""かし""},{""text"":""をあげないようにしてください。""}],""vi"":""Xin đừng cho động vật ăn bánh kẹo.""}]"
Nhắc nhở giờ tập trung,36,N4,"[{""speaker"":""A"",""segments"":[{""kanji"":""明日"",""reading"":""あした""},{""text"":""の""},{""kanji"":""遠足"",""reading"":""えんそく""},{""kanji"":""楽"",""reading"":""たの""},{""text"":""しみだねー！""}],""vi"":""Mong chờ chuyến dã ngoại ngày mai quá nhỉ!""},{""speaker"":""B"",""segments"":[{""text"":""みなさん、""},{""kanji"":""集合"",""reading"":""しゅうごう""},{""kanji"":""時間"",""reading"":""じかん""},{""text"":""を""},{""kanji"":""守"",""reading"":""まも""},{""text"":""るようにしてください。""}],""vi"":""Mọi người hãy chú ý tuân thủ giờ tập trung nhé.""}]"
Lời khuyên đi du lịch,36,N4,"[{""speaker"":""A"",""segments"":[{""kanji"":""明日"",""reading"":""あした""},{""text"":""からベトナムへ""},{""kanji"":""行"",""reading"":""い""},{""text"":""きます。""}],""vi"":""Từ ngày mai tôi sẽ đi Việt Nam.""},{""speaker"":""B"",""segments"":[{""text"":""そうなんですか。パスポートは""},{""kanji"":""絶対"",""reading"":""ぜったい""},{""text"":""になくさないようにしてくださいね。""}],""vi"":""Thế à. Bạn chú ý tuyệt đối đừng để mất hộ chiếu nhé.""}]"
Địa điểm tổ chức Olympic,37,N4,"[{""speaker"":""A"",""segments"":[{""text"":""どこでオリンピックがひらかれますか？""}],""vi"":""Olympic được tổ chức ở đâu vậy?""},{""speaker"":""B"",""segments"":[{""kanji"":""東京"",""reading"":""とうきょう""},{""text"":""でオリンピックがひらかれます。""}],""vi"":""Olympic được tổ chức ở Tokyo.""}]"
Thời gian tổ chức Olympic,37,N4,"[{""speaker"":""A"",""segments"":[{""text"":""いつ""},{""kanji"":""東京"",""reading"":""とうきょう""},{""text"":""でオリンピックがひらかれますか？""}],""vi"":""Khi nào Olympic được tổ chức ở Tokyo?""},{""speaker"":""B"",""segments"":[{""text"":""2020""},{""kanji"":""年"",""reading"":""ねん""},{""kanji"":""東京"",""reading"":""とうきょう""},{""text"":""でオリンピックがひらかれます。""}],""vi"":""Olympic được tổ chức ở Tokyo vào năm 2020.""}]"
Hàng hóa xuất khẩu,37,N4,"[{""speaker"":""A"",""segments"":[{""kanji"":""外国"",""reading"":""がいこく""},{""text"":""へ""},{""kanji"":""何"",""reading"":""なに""},{""text"":""が""},{""kanji"":""輸出"",""reading"":""ゆしゅつ""},{""text"":""されていますか？""}],""vi"":""Cái gì được xuất khẩu ra nước ngoài vậy?""},{""speaker"":""B"",""segments"":[{""kanji"":""日本"",""reading"":""にほん""},{""text"":""の""},{""kanji"":""車"",""reading"":""くるま""},{""text"":""が""},{""kanji"":""輸出"",""reading"":""ゆしゅつ""},{""text"":""されています。""}],""vi"":""Xe hơi của Nhật Bản đang được xuất khẩu.""}]"
Bị dẫm vào chân,37,N4,"[{""speaker"":""A"",""segments"":[{""text"":""どうしたんですか？""}],""vi"":""Có chuyện gì vậy?""},{""speaker"":""B"",""segments"":[{""kanji"":""今朝"",""reading"":""けさ""},{""text"":""、""},{""kanji"":""電車"",""reading"":""でんしゃ""},{""text"":""で""},{""kanji"":""足"",""reading"":""あし""},{""text"":""を""},{""kanji"":""踏"",""reading"":""ふ""},{""text"":""まれたんです。""}],""vi"":""Sáng nay, tôi bị dẫm vào chân trên tàu điện.""}]"
Điện thoại bị hỏng,37,N4,"[{""speaker"":""A"",""segments"":[{""text"":""なにかあったんですか？""}],""vi"":""Có chuyện gì đã xảy ra vậy?""},{""speaker"":""B"",""segments"":[{""kanji"":""弟"",""reading"":""おとうと""},{""text"":""にスマホを""},{""kanji"":""壊"",""reading"":""こわ""},{""text"":""されたんです。""}],""vi"":""Tôi bị em trai làm hỏng điện thoại.""}]"
Cảm nghĩ khi học tiếng Nhật,38,N4,"[{""speaker"":""A"",""segments"":[{""kanji"":""日本語"",""reading"":""にほんご""},{""text"":""を""},{""kanji"":""勉強"",""reading"":""べんきょう""},{""text"":""するのはたのしいですか？""}],""vi"":""Việc học tiếng Nhật có vui không?""},{""speaker"":""B"",""segments"":[{""text"":""はい！""},{""kanji"":""楽"",""reading"":""たの""},{""text"":""しいです。""}],""vi"":""Vâng! Vui lắm.""}]"
Sở thích du lịch,38,N4,"[{""speaker"":""A"",""segments"":[{""kanji"":""旅行"",""reading"":""りょこう""},{""text"":""するのは""},{""kanji"":""好"",""reading"":""す""},{""text"":""きですか？""}],""vi"":""Bạn có thích đi du lịch không?""},{""speaker"":""B"",""segments"":[{""text"":""はい！すきです！""}],""vi"":""Vâng! Tôi thích!""}]"
Đánh giá độ khó thi N4,38,N4,"[{""speaker"":""A"",""segments"":[{""text"":""N4に""},{""kanji"":""合格"",""reading"":""ごうかく""},{""text"":""するのは""},{""kanji"":""難"",""reading"":""むずか""},{""text"":""しいですか？""}],""vi"":""Đỗ N4 có khó không?""},{""speaker"":""B"",""segments"":[{""text"":""いいえ、""},{""kanji"":""簡単"",""reading"":""かんたん""},{""text"":""ですよ。""}],""vi"":""Không, đơn giản mà.""}]"
Kỹ năng làm bánh,38,N4,"[{""speaker"":""A"",""segments"":[{""text"":""お""},{""kanji"":""菓"",""reading"":""か""},{""kanji"":""子"",""reading"":""し""},{""text"":""を""},{""kanji"":""作"",""reading"":""つく""},{""text"":""るのが""},{""kanji"":""上手"",""reading"":""じょうず""},{""text"":""ですか？""}],""vi"":""Bạn làm bánh giỏi không?""},{""speaker"":""B"",""segments"":[{""text"":""いいえ、""},{""kanji"":""下手"",""reading"":""へた""},{""text"":""です. ""}],""vi"":""Không, tôi dở lắm.""}]"
Quên tắt điện,38,N4,"[{""speaker"":""A"",""segments"":[{""text"":""どうしたんですか？""}],""vi"":""Có chuyện gì vậy?""},{""speaker"":""B"",""segments"":[{""kanji"":""電気"",""reading"":""でんき""},{""text"":""を""},{""kanji"":""消"",""reading"":""け""},{""text"":""すのを""},{""kanji"":""忘"",""reading"":""わす""},{""text"":""れました......。""}],""vi"":""Tôi quên tắt điện mất rồi...""}]"
Chúc mừng sinh nhật,39,N4,"[{""speaker"":""A"",""segments"":[{""kanji"":""誕生日"",""reading"":""たんじょうび""},{""text"":""おめでとうございます！""}],""vi"":""Chúc mừng sinh nhật!""},{""speaker"":""B"",""segments"":[{""text"":""ありがとうございます。(""},{""kanji"":""祝"",""reading"":""いわ""},{""text"":""ってもらって""},{""kanji"":""嬉"",""reading"":""うれ""},{""text"":""しいです。)""}],""vi"":""Xin cảm ơn ạ. (Tôi rất vui vì được chúc mừng.)""}]"
Chuyện bị hỏi đường,39,N4,"[{""speaker"":""A"",""segments"":[{""kanji"":""昨日"",""reading"":""きのう""},{""text"":""、""},{""kanji"":""外国人"",""reading"":""がいこくじん""},{""text"":""に""},{""kanji"":""道"",""reading"":""みち""},{""text"":""を""},{""kanji"":""聞"",""reading"":""き""},{""text"":""かれたんです。""}],""vi"":""Hôm qua, tôi đã bị người nước ngoài hỏi đường đấy.""},{""speaker"":""B"",""segments"":[{""kanji"":""私"",""reading"":""わたし""},{""text"":""も""},{""kanji"":""外国人"",""reading"":""がいこくじん""},{""text"":""に""},{""kanji"":""道"",""reading"":""みち""},{""text"":""を""},{""kanji"":""聞"",""reading"":""き""},{""text"":""かれて、""},{""kanji"":""困"",""reading"":""こま""},{""text"":""ったことがあります。""}],""vi"":""Tôi cũng từng bị người nước ngoài hỏi đường và đã gặp rắc rối rồi.""}]"
Tin chiến thắng bóng đá,39,N4,"[{""speaker"":""A"",""segments"":[{""text"":""サッカーの""},{""kanji"":""試合"",""reading"":""しあい""},{""text"":""、ベトナムが""},{""kanji"":""優勝"",""reading"":""ゆうしょう""},{""text"":""しましたね！""}],""vi"":""Trận bóng đá, Việt Nam đã vô địch rồi nhỉ!""},{""speaker"":""B"",""segments"":[{""text"":""はい！ニュースを""},{""kanji"":""聞"",""reading"":""き""},{""text"":""いてびっくりしました！""}],""vi"":""Vâng! Tôi đã rất ngạc nhiên khi nghe tin đấy!""}]"
Lời mời hẹn hò,39,N4,"[{""speaker"":""A"",""segments"":[{""kanji"":""日曜日"",""reading"":""にちようび""},{""text"":""、デートしませんか？""}],""vi"":""Chủ nhật này hẹn hò không?""},{""speaker"":""B"",""segments"":[{""text"":""すみません、""},{""kanji"":""日曜日"",""reading"":""にちようび""},{""text"":""は""},{""kanji"":""都合"",""reading"":""つごう""},{""text"":""が""},{""kanji"":""悪"",""reading"":""わる""},{""text"":""くていけません。""}],""vi"":""Xin lỗi, Chủ nhật tôi có việc bận (không thuận tiện) nên không đi được.""}]"
Giải bài tập,39,N4,"[{""speaker"":""A"",""segments"":[{""text"":""この""},{""kanji"":""問題"",""reading"":""もんだい""},{""text"":""がとけますか？""}],""vi"":""Bạn có giải được bài tập này không?""},{""speaker"":""B"",""segments"":[{""kanji"":""難"",""reading"":""むずか""},{""text"":""しくて、わかりません。""}],""vi"":""Vì khó quá nên tôi không hiểu.""}]"
Thầy đang nói gì vậy?,40,N4,"[{""speaker"":""A"",""segments"":[{""kanji"":""先生"",""reading"":""せんせい""},{""text"":""が""},{""kanji"":""何"",""reading"":""なに""},{""text"":""を""},{""kanji"":""話"",""reading"":""はな""},{""text"":""しているか、わかりますか？""}],""vi"":""Bạn có hiểu thầy đang nói gì không?""},{""speaker"":""B"",""segments"":[{""text"":""いいえ、よくわかりません。""}],""vi"":""Không, tôi không hiểu lắm.""}]"
Để chìa khóa ở đâu?,40,N4,"[{""speaker"":""A"",""segments"":[{""text"":""かぎはどこに""},{""kanji"":""置"",""reading"":""お""},{""text"":""いたか, ""},{""kanji"":""覚"",""reading"":""おぼ""},{""text"":""えていますか？""}],""vi"":""Bạn có nhớ đã để chìa khóa ở đâu không?""},{""speaker"":""B"",""segments"":[{""text"":""たぶん""},{""kanji"":""机"",""reading"":""つくえ""},{""text"":""の""},{""kanji"":""上"",""reading"":""うえ""},{""text"":""です。""}],""vi"":""Có lẽ ở trên bàn.""}]"
Xác nhận tin đồn,40,N4,"[{""speaker"":""A"",""segments"":[{""text"":""そのうわさは""},{""kanji"":""本当"",""reading"":""ほんとう""},{""text"":""かどうか, ""},{""kanji"":""調"",""reading"":""しら""},{""text"":""べましたか？""}],""vi"":""Bạn đã kiểm tra xem tin đồn đó có thật không?""},{""speaker"":""B"",""segments"":[{""text"":""まだ""},{""kanji"":""調"",""reading"":""しら""},{""text"":""べていません。""}],""vi"":""Tôi vẫn chưa kiểm tra.""}]"
Thử đôi giày mới,40,N4,"[{""speaker"":""A"",""segments"":[{""text"":""この""},{""kanji"":""靴"",""reading"":""くつ""},{""text"":""を""},{""kanji"":""履"",""reading"":""は""},{""text"":""いてみてください。""}],""vi"":""Hãy thử đôi giày này đi.""},{""speaker"":""B"",""segments"":[{""text"":""はい, ""},{""kanji"":""履"",""reading"":""は""},{""text"":""いてみます。""}],""vi"":""Vâng, tôi sẽ thử.""}]"
Đàn thử piano,40,N4,"[{""speaker"":""A"",""segments"":[{""text"":""そのピアノを""},{""kanji"":""弾"",""reading"":""ひ""},{""text"":""いてみたいんですが。""}],""vi"":""Tôi muốn thử chơi cây piano đó.""},{""speaker"":""B"",""segments"":[{""text"":""どうぞ。""}],""vi"":""Mời bạn.""}]"
Quà sinh nhật năm ngoái,41,N4,"[{""speaker"":""A"",""segments"":[{""kanji"":""去年"",""reading"":""きょねん""},{""text"":""の""},{""kanji"":""誕生日"",""reading"":""たんじょうび""},{""text"":""、なにをもらいましたか。""}],""vi"":""Sinh nhật năm ngoái bạn đã nhận được gì?""},{""speaker"":""B"",""segments"":[{""kanji"":""先生"",""reading"":""せんせい""},{""text"":""に""},{""kanji"":""本"",""reading"":""ほん""},{""text"":""をいただきました。""}],""vi"":""Tôi đã nhận được sách từ thầy giáo.""}]"
Biếu quà Tết cho giám đốc,41,N4,"[{""speaker"":""A"",""segments"":[{""text"":""お""},{""kanji"":""正月"",""reading"":""しょうがつ""},{""text"":""に""},{""kanji"":""何"",""reading"":""なに""},{""text"":""をしますか？""}],""vi"":""Bạn làm gì vào dịp Tết?""},{""speaker"":""B"",""segments"":[{""kanji"":""社長"",""reading"":""しゃちょう""},{""text"":""に""},{""kanji"":""日本酒"",""reading"":""にほんしゅ""},{""text"":""をさしあげます。""}],""vi"":""Tôi biếu rượu Nhật cho giám đốc.""}]"
Cho mèo ăn,41,N4,"[{""speaker"":""A"",""segments"":[{""text"":""なにをしているんですか？""}],""vi"":""Bạn đang làm gì thế?""},{""speaker"":""B"",""segments"":[{""kanji"":""猫"",""reading"":""ねco""},{""text"":""にえさをやります。""}],""vi"":""Tôi cho mèo ăn.""}]"
Quà mừng kết hôn,41,N4,"[{""speaker"":""A"",""segments"":[{""text"":""すてきな""},{""kanji"":""花瓶"",""reading"":""かびん""},{""text"":""ですね。""}],""vi"":""Cái bình hoa đẹp quá nhỉ.""},{""speaker"":""B"",""segments"":[{""kanji"":""田中部長"",""reading"":""たなかぶちょう""},{""text"":""が""},{""kanji"":""結婚"",""reading"":""けっこん""},{""text"":""のお""},{""kanji"":""祝"",""reading"":""いわ""},{""text"":""いにこの""},{""kanji"":""花瓶"",""reading"":""かびん""},{""text"":""をくださいました。""}],""vi"":""Trưởng phòng Tanaka đã tặng tôi cái bình hoa này làm quà mừng kết hôn.""}]"
Quà du lịch,41,N4,"[{""speaker"":""A"",""segments"":[{""text"":""それは""},{""kanji"":""何"",""reading"":""なに""},{""text"":""ですか？""}],""vi"":""Cái đó là cái gì vậy?""},{""speaker"":""B"",""segments"":[{""kanji"":""私"",""reading"":""わたし""},{""text"":""は""},{""kanji"":""旅行"",""reading"":""りょこう""},{""text"":""のお""},{""kanji"":""土"",""reading"":""み""},{""kanji"":""産"",""reading"":""やげ""},{""text"":""に""},{""kanji"":""人形"",""reading"":""にんぎょう""},{""text"":""を""},{""kanji"":""買"",""reading"":""か""},{""text"":""いました。""}],""vi"":""Tôi đã mua con búp bê để làm quà du lịch.""}]"
Dự định tương lai,42,N4,"[{""speaker"":""A"",""segments"":[{""kanji"":""将来"",""reading"":""しょうらい""},{""text"":""のために、""},{""kanji"":""何"",""reading"":""なに""},{""text"":""をしていますか？""}],""vi"":""Bạn đang làm gì cho tương lai?""},{""speaker"":""B"",""segments"":[{""kanji"":""将来"",""reading"":""しょうらい""},{""text"":""のために、""},{""kanji"":""貯金"",""reading"":""ちょきん""},{""text"":""しています。""}],""vi"":""Tôi đang tiết kiệm cho tương lai.""}]"
Học tiếng Nhật để làm gì,42,N4,"[{""speaker"":""A"",""segments"":[{""text"":""どうして""},{""kanji"":""日本語"",""reading"":""にほんご""},{""text"":""を""},{""kanji"":""勉強"",""reading"":""べんきょう""},{""text"":""しているんですか？""}],""vi"":""Tại sao bạn học tiếng Nhật?""},{""speaker"":""B"",""segments"":[{""kanji"":""将来"",""reading"":""しょうらい""},{""kanji"":""日本"",""reading"":""にほん""},{""text"":""で""},{""kanji"":""働"",""reading"":""はたら""},{""text"":""くために""},{""kanji"":""日本語"",""reading"":""にほんご""},{""text"":""を""},{""kanji"":""勉強"",""reading"":""べんきょう""},{""text"":""しています。""}],""vi"":""Tôi học tiếng Nhật để sau này làm việc ở Nhật.""}]"
Leo núi để giảm cân,42,N4,"[{""speaker"":""A"",""segments"":[{""text"":""どうして""},{""kanji"":""山"",""reading"":""やま""},{""text"":""に""},{""kanji"":""登"",""reading"":""のぼ""},{""text"":""るんですか？""}],""vi"":""Tại sao bạn leo núi?""},{""speaker"":""B"",""segments"":[{""text"":""ダイエットのために""},{""kanji"":""山登"",""reading"":""やまのぼ""},{""text"":""りをするんです。""}],""vi"":""Tôi leo núi để giảm cân.""}]"
Cuốn sách dùng để làm gì,42,N4,"[{""speaker"":""A"",""segments"":[{""text"":""その""},{""kanji"":""本"",""reading"":""ほん""},{""text"":""は""},{""kanji"":""何"",""reading"":""なに""},{""text"":""に""},{""kanji"":""使"",""reading"":""つか""},{""text"":""いますか？""}],""vi"":""Cuốn sách đó dùng để làm gì?""},{""speaker"":""B"",""segments"":[{""kanji"":""勉強"",""reading"":""べんきょう""},{""text"":""するのに""},{""kanji"":""使"",""reading"":""つか""},{""text"":""います。""}],""vi"":""Tôi dùng nó để học.""}]"
Đây là sách gì,42,N4,"[{""speaker"":""A"",""segments"":[{""text"":""それは""},{""kanji"":""何"",""reading"":""なん""},{""text"":""の""},{""kanji"":""本"",""reading"":""ほん""},{""text"":""ですか？""}],""vi"":""Đó là sách gì vậy?""},{""speaker"":""B"",""segments"":[{""kanji"":""辞書"",""reading"":""じしょ""},{""text"":""です。""},{""kanji"":""漢字"",""reading"":""かんじ""},{""text"":""を""},{""kanji"":""調"",""reading"":""しら""},{""text"":""べるのに""},{""kanji"":""役立"",""reading"":""やくだ""},{""text"":""ちます。""}],""vi"":""Đó là từ điển. Nó hữu ích để tra chữ Hán.""}]"
Dự báo thời tiết,43,N4,"[{""speaker"":""A"",""segments"":[{""kanji"":""明日"",""reading"":""あした""},{""text"":""は""},{""kanji"":""寒"",""reading"":""さむ""},{""text"":""くなりそうですか？""}],""vi"":""Ngày mai trời có vẻ sẽ lạnh nhỉ?""},{""speaker"":""B"",""segments"":[{""text"":""はい、""},{""kanji"":""寒"",""reading"":""さむ""},{""text"":""くなりそうです。""}],""vi"":""Vâng, có vẻ là sẽ lạnh.""}]"
Trời sắp mưa,43,N4,"[{""speaker"":""A"",""segments"":[{""kanji"":""天気"",""reading"":""てんき""},{""text"":""が""},{""kanji"":""悪"",""reading"":""わる""},{""text"":""いですね。""}],""vi"":""Thời tiết xấu nhỉ.""},{""speaker"":""B"",""segments"":[{""text"":""そうですね。""},{""kanji"":""雨"",""reading"":""あめ""},{""text"":""が""},{""kanji"":""降"",""reading"":""ふ""},{""text"":""りそうですね。""}],""vi"":""Đúng vậy nhỉ. Trông có vẻ sắp mưa rồi nhỉ.""}]"
Hoa anh đào sắp nở,43,N4,"[{""speaker"":""A"",""segments"":[{""kanji"":""暖"",""reading"":""あたた""},{""text"":""かくなってきましたね。""}],""vi"":""Trời đã bắt đầu ấm lên rồi nhỉ.""},{""speaker"":""B"",""segments"":[{""text"":""はい、もうすぐ""},{""kanji"":""桜"",""reading"":""さくら""},{""text"":""が""},{""kanji"":""咲"",""reading"":""さ""},{""text"":""きそうですね。""}],""vi"":""Vâng, hoa anh đào có vẻ sắp nở rồi nhỉ.""}]"
Lời mời ăn thử,43,N4,"[{""speaker"":""A"",""segments"":[{""text"":""よかったら、これどうぞ。""}],""vi"":""Nếu được, mời bạn dùng cái này.""},{""speaker"":""B"",""segments"":[{""kanji"":""美"",""reading"":""お""},{""kanji"":""味"",""reading"":""い""},{""text"":""しそうですね！ありがとうございます！""}],""vi"":""Trông ngon quá nhỉ! Xin cảm ơn bạn!""}]"
Đề nghị giúp đỡ,43,N4,"[{""speaker"":""A"",""segments"":[{""kanji"":""重"",""reading"":""おも""},{""text"":""そうですね。""},{""kanji"":""持"",""reading"":""も""},{""text"":""ちましょうか？""}],""vi"":""Trông có vẻ nặng nhỉ. Để tôi cầm giúp nhé?""},{""speaker"":""B"",""segments"":[{""text"":""はい、ありがとうございます。""}],""vi"":""Vâng, xin cảm ơn bạn.""}]"
Lý do mệt mỏi,44,N4,"[{""speaker"":""A"",""segments"":[{""kanji"":""疲"",""reading"":""つか""},{""text"":""れていますね？""}],""vi"":""Bạn đang mệt phải không?""},{""speaker"":""B"",""segments"":[{""text"":""はい、""},{""kanji"":""勉"",""reading"":""べん""},{""kanji"":""強"",""reading"":""きょう""},{""text"":""しすぎました。""}],""vi"":""Vâng, tôi đã học quá nhiều.""}]"
Hậu quả của việc uống rượu,44,N4,"[{""speaker"":""A"",""segments"":[{""kanji"":""頭"",""reading"":""あたま""},{""text"":""が""},{""kanji"":""痛"",""reading"":""いた""},{""text"":""いんですか？""}],""vi"":""Bạn bị đau đầu à?""},{""speaker"":""B"",""segments"":[{""text"":""ゆうべお""},{""kanji"":""酒"",""reading"":""さけ""},{""text"":""を""},{""kanji"":""飲"",""reading"":""の""},{""text"":""みすぎました。""}],""vi"":""Tối qua tôi đã uống quá nhiều rượu.""}]"
Đau bụng do ăn quá nhiều,44,N4,"[{""speaker"":""A"",""segments"":[{""kanji"":""お腹"",""reading"":""なか""},{""text"":""が""},{""kanji"":""痛"",""reading"":""いた""},{""text"":""いんですか？""}],""vi"":""Bạn bị đau bụng à?""},{""speaker"":""B"",""segments"":[{""text"":""はい、""},{""kanji"":""食"",""reading"":""た""},{""text"":""べ""},{""kanji"":""過"",""reading"":""す""},{""text"":""ぎました。""}],""vi"":""Vâng, tôi đã ăn quá nhiều.""}]"
Đánh giá máy tính,44,N4,"[{""speaker"":""A"",""segments"":[{""text"":""そのパソコンは""},{""kanji"":""使"",""reading"":""つか""},{""text"":""いやすいですか？""}],""vi"":""Cái máy tính đó có dễ dùng không?""},{""speaker"":""B"",""segments"":[{""text"":""はい、""},{""kanji"":""使"",""reading"":""つか""},{""text"":""いやすいです。""}],""vi"":""Vâng, dễ dùng lắm.""}]"
Đánh giá chữ viết,44,N4,"[{""speaker"":""A"",""segments"":[{""kanji"":""私"",""reading"":""わたし""},{""text"":""の""},{""kanji"":""字"",""reading"":""じ""},{""text"":""は""},{""kanji"":""見"",""reading"":""み""},{""text"":""やすいですか？""}],""vi"":""Chữ của tôi có dễ nhìn không?""},{""speaker"":""B"",""segments"":[{""text"":""はい、""},{""kanji"":""見"",""reading"":""み""},{""text"":""やすいです。""}],""vi"":""Vâng, dễ nhìn lắm.""}]"
Khi xảy ra hỏa hoạn,45,N4,"[{""speaker"":""A"",""segments"":[{""kanji"":""火事"",""reading"":""かじ""},{""text"":""が""},{""kanji"":""起"",""reading"":""お""},{""text"":""きた""},{""kanji"":""場合"",""reading"":""ばあい""},{""text"":""は、どうしますか？""}],""vi"":""Nếu xảy ra hỏa hoạn thì bạn sẽ làm gì?""},{""speaker"":""B"",""segments"":[{""text"":""119に""},{""kanji"":""電話"",""reading"":""でんわ""},{""text"":""します。""}],""vi"":""Tôi sẽ gọi số 119.""}]"
Xe máy bị hỏng,45,N4,"[{""speaker"":""A"",""segments"":[{""text"":""バイク가""},{""kanji"":""故障"",""reading"":""こしょう""},{""text"":""した""},{""kanji"":""場合"",""reading"":""ばあい""},{""text"":""は、どうしますか？""}],""vi"":""Nếu xe máy bị hỏng thì bạn sẽ làm gì?""},{""speaker"":""B"",""segments"":[{""kanji"":""修理"",""reading"":""しゅうり""},{""text"":""してもらいます。""}],""vi"":""Tôi sẽ nhờ người sửa.""}]"
Buổi hẹn hôm qua,45,N4,"[{""speaker"":""A"",""segments"":[{""kanji"":""昨日"",""reading"":""きのう""},{""text"":""のデートはどうでしたか？""}],""vi"":""Buổi hẹn hò hôm qua thế nào?""},{""speaker"":""B"",""segments"":[{""kanji"":""昨日"",""reading"":""きのう""},{""kanji"":""約束"",""reading"":""やくそく""},{""text"":""したのに、""},{""kanji"":""彼女"",""reading"":""かのじょ""},{""text"":""は""},{""kanji"":""来"",""reading"":""き""},{""text"":""ませんでした。""}],""vi"":""Mặc dù đã hẹn từ hôm qua nhưng cô ấy đã không đến.""}]"
Nhà hàng mới,45,N4,"[{""speaker"":""A"",""segments"":[{""kanji"":""新"",""reading"":""あたら""},{""text"":""しいお""},{""kanji"":""店"",""reading"":""みせ""},{""text"":""、どうだった？""}],""vi"":""Nhà hàng mới thế nào?""},{""speaker"":""B"",""segments"":[{""text"":""いやー、""},{""kanji"":""値段"",""reading"":""ねだん""},{""text"":""が""},{""kanji"":""高"",""reading"":""たか""},{""text"":""いのに、ぜんぜんおいしくなかったよ。""}],""vi"":""Giá thì đắt nhưng lại chẳng ngon chút nào.""}]"
Đỗ kỳ thi JLPT,45,N4,"[{""speaker"":""A"",""segments"":[{""kanji"":""日本語能力試験"",""reading"":""にほんごのうりょくしけん""},{""text"":""、""},{""kanji"":""合格"",""reading"":""ごうかく""},{""text"":""しましたー！""}],""vi"":""Tôi đỗ kỳ thi năng lực tiếng Nhật rồi!""},{""speaker"":""B"",""segments"":[{""text"":""え！""},{""kanji"":""1年"",""reading"":""いちねん""},{""text"":""しか""},{""kanji"":""勉強"",""reading"":""べんきょう""},{""text"":""していないのに、""},{""kanji"":""合格"",""reading"":""ごうかく""},{""text"":""したんですか？！""}],""vi"":""Hả! Mới học có một năm mà đã đỗ rồi sao?!""}]"
Hỏi về việc ăn trưa,46,N4,"[{""speaker"":""A"",""segments"":[{""kanji"":""由佳"",""reading"":""ゆか""},{""text"":""さん、""},{""kanji"":""昼"",""reading"":""ひる""},{""text"":""ごはんを""},{""kanji"":""食"",""reading"":""た""},{""text"":""べましたか？""}],""vi"":""Bạn Yuka đã ăn cơm trưa chưa?""},{""speaker"":""B"",""segments"":[{""text"":""いいえ、いまから""},{""kanji"":""食"",""reading"":""た""},{""text"":""べるところです。""}],""vi"":""Chưa, bây giờ tôi chuẩn bị ăn.""}]"
Hỏi về bài tập,46,N4,"[{""speaker"":""A"",""segments"":[{""kanji"":""宿題"",""reading"":""しゅくだい""},{""text"":""は""},{""kanji"":""終"",""reading"":""お""},{""text"":""わりましたか？""}],""vi"":""Bài tập đã xong chưa?""},{""speaker"":""B"",""segments"":[{""text"":""いまからするところです。""}],""vi"":""Bây giờ tôi chuẩn bị làm.""}]"
Xác nhận rời nhà,46,N4,"[{""speaker"":""A"",""segments"":[{""text"":""もしもし、もう""},{""kanji"":""家"",""reading"":""いえ""},{""text"":""をでましたか？""}],""vi"":""Alo, bạn đã ra khỏi nhà chưa?""},{""speaker"":""B"",""segments"":[{""text"":""すみません、いまから""},{""kanji"":""出"",""reading"":""で""},{""text"":""るところです。""}],""vi"":""Xin lỗi, bây giờ tôi chuẩn bị đi đây.""}]"
Điện thoại mới,46,N4,"[{""speaker"":""A"",""segments"":[{""kanji"":""新"",""reading"":""あたら""},{""text"":""しい""},{""kanji"":""携帯"",""reading"":""けいたい""},{""text"":""ですね。""}],""vi"":""Điện thoại mới nhỉ.""},{""speaker"":""B"",""segments"":[{""text"":""はい、""},{""kanji"":""昨日"",""reading"":""きのう""},{""kanji"":""買"",""reading"":""か""},{""text"":""ったばかりなんです。""}],""vi"":""Vâng, tôi vừa mới mua hôm qua.""}]"
Lý do buồn ngủ,46,N4,"[{""speaker"":""A"",""segments"":[{""kanji"":""眠"",""reading"":""ねむ""},{""text"":""そうですね。""}],""vi"":""Trông bạn có vẻ buồn ngủ nhỉ.""},{""speaker"":""B"",""segments"":[{""text"":""はい、ご""},{""kanji"":""飯"",""reading"":""はん""},{""text"":""を""},{""kanji"":""食"",""reading"":""た""},{""text"":""べたばかりなんです。""}],""vi"":""Vâng, tôi vừa mới ăn cơm xong.""}]"
Dự báo thời tiết,47,N4,"[{""speaker"":""A"",""segments"":[{""kanji"":""明日"",""reading"":""あした""},{""text"":""の""},{""kanji"":""天気"",""reading"":""てんき""},{""text"":""はどうですか？""}],""vi"":""Thời tiết ngày mai thế nào?""},{""speaker"":""B"",""segments"":[{""kanji"":""天気予報"",""reading"":""てんきよほう""},{""text"":""によると、""},{""kanji"":""明日"",""reading"":""あした""},{""text"":""は""},{""kanji"":""寒"",""reading"":""さむ""},{""text"":""くなるそうです。""}],""vi"":""Theo dự báo thời tiết, nghe nói ngày mai trời sẽ trở nên lạnh.""}]"
Tin tức đội tuyển,47,N4,"[{""speaker"":""A"",""segments"":[{""kanji"":""今朝"",""reading"":""けさ""},{""text"":""の""},{""kanji"":""新聞"",""reading"":""しんぶん""},{""text"":""、""},{""kanji"":""見"",""reading"":""み""},{""text"":""ましたか？""}],""vi"":""Bạn đã xem tờ báo sáng nay chưa?""},{""speaker"":""B"",""segments"":[{""text"":""はい、ベトナムが""},{""kanji"":""優勝"",""reading"":""ゆうしょう""},{""text"":""したそうですね。""}],""vi"":""Vâng, nghe nói Việt Nam đã vô địch nhỉ.""}]"
Chuyện nghỉ việc,47,N4,"[{""speaker"":""A"",""segments"":[{""kanji"":""彼"",""reading"":""かれ""},{""text"":""の""},{""kanji"":""話"",""reading"":""はな""},{""text"":""、""},{""kanji"":""聞"",""reading"":""き""},{""text"":""きましたか？""}],""vi"":""Bạn đã nghe chuyện của anh ấy chưa?""},{""speaker"":""B"",""segments"":[{""text"":""はい、""},{""kanji"":""会社"",""reading"":""かいしゃ""},{""text"":""を""},{""kanji"":""辞"",""reading"":""や""},{""text"":""めるそうですね。""}],""vi"":""Vâng, nghe nói anh ấy sẽ nghỉ việc nhỉ.""}]"
Tiếng bước chân,47,N4,"[{""speaker"":""A"",""segments"":[{""kanji"":""足音"",""reading"":""あしおと""},{""text"":""がしますね。""}],""vi"":""Có tiếng bước chân nhỉ.""},{""speaker"":""B"",""segments"":[{""kanji"":""誰"",""reading"":""だれ""},{""text"":""かこっちへ""},{""kanji"":""来"",""reading"":""く""},{""text"":""るようです。""}],""vi"":""Dường như có ai đó đang đi về phía này.""}]"
Mùi thức ăn,47,N4,"[{""speaker"":""A"",""segments"":[{""text"":""いい""},{""kanji"":""匂"",""reading"":""にお""},{""text"":""いがしますね. ""}],""vi"":""Có mùi thơm nhỉ.""},{""speaker"":""B"",""segments"":[{""kanji"":""誰"",""reading"":""だれ""},{""text"":""かが""},{""kanji"":""料理"",""reading"":""りょうり""},{""text"":""を""},{""kanji"":""作"",""reading"":""つく""},{""text"":""っているようですね。""}],""vi"":""Dường như có ai đó đang nấu ăn nhỉ.""}]"
Xin về sớm,48,N4,"[{""speaker"":""A"",""segments"":[{""kanji"":""顔色"",""reading"":""かおいろ""},{""text"":""が""},{""kanji"":""悪"",""reading"":""わる""},{""text"":""いね。""}],""vi"":""Sắc mặt bạn không tốt nhỉ.""},{""speaker"":""B"",""segments"":[{""text"":""すみません、""},{""kanji"":""部長"",""reading"":""ぶちょう""},{""text"":""。""},{""kanji"":""今日"",""reading"":""きょう""},{""text"":""は""},{""kanji"":""帰"",""reading"":""かえ""},{""text"":""らせて""},{""kanji"":""頂"",""reading"":""いただ""},{""text"":""けませんか？""}],""vi"":""Xin lỗi trưởng phòng. Hôm nay cho phép tôi về sớm được không ạ?""}]"
Xin nghỉ đi đám cưới,48,N4,"[{""speaker"":""A"",""segments"":[{""kanji"":""先生"",""reading"":""せんせい""},{""text"":""、""},{""kanji"":""明日休"",""reading"":""あしたやす""},{""text"":""ませていただけませんか。""},{""kanji"":""友達"",""reading"":""ともだち""},{""text"":""の""},{""kanji"":""結婚式"",""reading"":""けっこんしき""},{""text"":""なんです。""}],""vi"":""Thưa thầy, ngày mai cho phép em nghỉ được không ạ? Mai là đám cưới của bạn em.""},{""speaker"":""B"",""segments"":[{""text"":""それはおめでとうございます。はい、いいですよ。""}],""vi"":""Ồ, chúc mừng nhé. Được chứ, đồng ý.""}]"
Chụp ảnh thú cưng,48,N4,"[{""speaker"":""A"",""segments"":[{""kanji"":""可愛"",""reading"":""かわい""},{""text"":""い""},{""kanji"":""犬"",""reading"":""いぬ""},{""text"":""ですね！""},{""kanji"":""写真"",""reading"":""しゃしん""},{""text"":""を""},{""kanji"":""撮"",""reading"":""と""},{""text"":""らせていただけませんか？""}],""vi"":""Chú chó đáng yêu quá! Cho phép tôi chụp ảnh được không ạ?""},{""speaker"":""B"",""segments"":[{""text"":""はい、どうぞ！""}],""vi"":""Vâng, mời bạn!""}]"
Công việc hiện tại,49,N4,"[{""speaker"":""A"",""segments"":[{""text"":""今、""},{""kanji"":""何"",""reading"":""なん""},{""text"":""の""},{""kanji"":""仕"",""reading"":""し""},{""kanji"":""事"",""reading"":""ごと""},{""text"":""をなさっていますか。""}],""vi"":""Bây giờ bác đang làm công việc gì ạ?""},{""speaker"":""B"",""segments"":[{""text"":""今、""},{""kanji"":""日本語"",""reading"":""にほんご""},{""text"":""を""},{""kanji"":""教"",""reading"":""おし""},{""text"":""えています。""}],""vi"":""Bây giờ tôi đang dạy tiếng Nhật.""}]"
Vị trí hiện tại,49,N4,"[{""speaker"":""A"",""segments"":[{""text"":""今、どこにいらっしゃいますか。""}],""vi"":""Bây giờ ngài đang ở đâu ạ?""},{""speaker"":""B"",""segments"":[{""text"":""はい、今、""},{""kanji"":""事務"",""reading"":""じむ""},{""kanji"":""所"",""reading"":""しょ""},{""text"":""にいます。""}],""vi"":""Vâng, bây giờ tôi đang ở văn phòng.""}]"
Mời uống nước,49,N4,"[{""speaker"":""A"",""segments"":[{""kanji"":""仕事"",""reading"":""しごと""},{""text"":""、""},{""kanji"":""終"",""reading"":""お""},{""text"":""わりました。""}],""vi"":""Công việc đã xong rồi.""},{""speaker"":""B"",""segments"":[{""text"":""お""},{""kanji"":""疲"",""reading"":""つか""},{""text"":""れ""},{""kanji"":""様"",""reading"":""さま""},{""text"":""です。""},{""kanji"":""嶋川"",""reading"":""しまかわ""},{""kanji"":""先生"",""reading"":""せんせい""},{""text"":""、お""},{""kanji"":""水"",""reading"":""みず""},{""text"":""を""},{""kanji"":""召"",""reading"":""め""},{""text"":""し""},{""kanji"":""上"",""reading"":""あ""},{""text"":""がりますか。""}],""vi"":""Bác đã vất vả rồi. Thầy Shimakawa có dùng nước không ạ?""},{""speaker"":""A"",""segments"":[{""text"":""はい、""},{""kanji"":""飲"",""reading"":""の""},{""text"":""みます。ありがとうございます。""}],""vi"":""Vâng, tôi uống. Xin cảm ơn.""}]"
Lời nhắn của thầy Hải,49,N4,"[{""speaker"":""A"",""segments"":[{""kanji"":""嶋川"",""reading"":""しまかわ""},{""kanji"":""先生"",""reading"":""せんせい""},{""text"":""、ズン""},{""kanji"":""先生"",""reading"":""せんせい""},{""text"":""はさっきなんととおっしゃっていましたか。""}],""vi"":""Thầy Shimakawa ơi, lúc nãy thầy Hải đã nói gì thế ạ?""},{""speaker"":""B"",""segments"":[{""text"":""あ、""},{""kanji"":""昨日"",""reading"":""きのう""},{""text"":""の""},{""kanji"":""仕事"",""reading"":""しごと""},{""kanji"":""終"",""reading"":""お""},{""text"":""わったかって""},{""kanji"":""聞"",""reading"":""き""},{""text"":""いていました。""}],""vi"":""À, thầy ấy đã hỏi là công việc hôm qua đã xong chưa.""},{""speaker"":""A"",""segments"":[{""text"":""そうですか。""}],""vi"":""Vậy ạ.""}]"
Hỏi về Samurai-chan,49,N4,"[{""speaker"":""A"",""segments"":[{""kanji"":""嶋川"",""reading"":""しまかわ""},{""kanji"":""先生"",""reading"":""せんせい""},{""text"":""、サムライちゃんをご""},{""kanji"":""存"",""reading"":""ぞん""},{""text"":""じですか。""}],""vi"":""Thầy Shimakawa có biết Samurai-chan không ạ?""},{""speaker"":""B"",""segments"":[{""text"":""いいえ、しりません。だれですか。""}],""vi"":""Không, tôi không biết. Đó là ai vậy?""}]"
Thảo luận về Truyện Genji,50,N4,"[{""speaker"":""A"",""segments"":[{""kanji"":""源氏物語"",""reading"":""げんじものがたり""},{""text"":""を""},{""kanji"":""読"",""reading"":""よ""},{""text"":""んだことがありますか？""}],""vi"":""Bạn đã từng đọc Truyện Genji chưa?""},{""speaker"":""B"",""segments"":[{""text"":""いいえ、まだです。""},{""kanji"":""有名"",""reading"":""ゆうめい""},{""text"":""な""},{""kanji"":""本"",""reading"":""ほん""},{""text"":""だそうですね。""}],""vi"":""Chưa. Nghe nói đó là một cuốn sách nổi tiếng.""},{""speaker"":""A"",""segments"":[{""text"":""はい。""},{""kanji"":""日本"",""reading"":""にほん""},{""text"":""でいちばん""},{""kanji"":""有名"",""reading"":""ゆうめい""},{""text"":""な""},{""kanji"":""古典文学"",""reading"":""こてんぶんがく""},{""text"":""のひとつです。""}],""vi"":""Đúng vậy. Đó là một trong những tác phẩm văn học cổ điển nổi tiếng nhất Nhật Bản.""},{""speaker"":""B"",""segments"":[{""text"":""じゃあ、""},{""kanji"":""今度"",""reading"":""こんど""},{""text"":""読んでみたいです。""}],""vi"":""Vậy lần tới tôi muốn thử đọc nó.""}]"
Mượn sách ở thư viện,50,N4,"[{""speaker"":""A"",""segments"":[{""kanji"":""図書館"",""reading"":""としょかん""},{""text"":""で""},{""kanji"":""何"",""reading"":""なに""},{""text"":""を""},{""kanji"":""借"",""reading"":""か""},{""text"":""りたんですか？""}],""vi"":""Bạn đã mượn gì ở thư viện vậy?""},{""speaker"":""B"",""segments"":[{""kanji"":""日本"",""reading"":""にほん""},{""text"":""の""},{""kanji"":""歴史"",""reading"":""れきし""},{""text"":""についての""},{""kanji"":""本"",""reading"":""ほん""},{""text"":""を""},{""kanji"":""借"",""reading"":""か""},{""text"":""りました。""}],""vi"":""Tôi đã mượn một cuốn sách về lịch sử Nhật Bản.""},{""speaker"":""A"",""segments"":[{""text"":""どうして""},{""kanji"":""歴史"",""reading"":""れきし""},{""text"":""に""},{""kanji"":""興味"",""reading"":""きょうみ""},{""text"":""があるんですか？""}],""vi"":""Tại sao bạn lại hứng thú với lịch sử?""},{""speaker"":""B"",""segments"":[{""kanji"":""日本"",""reading"":""にほん""},{""text"":""の""},{""kanji"":""文化"",""reading"":""ぶんか""},{""text"":""をもっと""},{""kanji"":""知"",""reading"":""し""},{""text"":""りたいからです。""}],""vi"":""Vì tôi muốn hiểu thêm về văn hóa Nhật Bản.""}]"
Kể lại nội dung câu chuyện,50,N4,"[{""speaker"":""A"",""segments"":[{""kanji"":""昨日"",""reading"":""きのう""},{""text"":""の""},{""kanji"":""物語"",""reading"":""ものがたり""},{""text"":""を""},{""kanji"":""覚"",""reading"":""おぼ""},{""text"":""えていますか？""}],""vi"":""Bạn còn nhớ câu chuyện hôm qua không?""},{""speaker"":""B"",""segments"":[{""text"":""はい、""},{""kanji"":""覚"",""reading"":""おぼ""},{""text"":""えています。""}],""vi"":""Có, tôi vẫn nhớ.""},{""speaker"":""A"",""segments"":[{""kanji"":""主人公"",""reading"":""しゅじんこう""},{""text"":""はどうなりましたか？""}],""vi"":""Nhân vật chính sau đó thế nào?""},{""speaker"":""B"",""segments"":[{""kanji"":""主人公"",""reading"":""しゅじんこう""},{""text"":""は""},{""kanji"":""長"",""reading"":""なが""},{""text"":""い""},{""kanji"":""旅"",""reading"":""たび""},{""text"":""のあとで""},{""kanji"":""故郷"",""reading"":""ふるさと""},{""text"":""へ""},{""kanji"":""帰"",""reading"":""かえ""},{""text"":""りました。""}],""vi"":""Sau một chuyến đi dài, nhân vật chính đã trở về quê hương.""},{""speaker"":""A"",""segments"":[{""text"":""ハッピーエンドだったんですね。""}],""vi"":""Vậy là một kết thúc có hậu nhỉ.""}]"